Timestamp: 2022-05-13 01:14:56, values: 30*C, 47%
Timestamp: 2022-05-13 02:31:06, values: 31*C, 46%
Timestamp: 2022-05-13 02:34:00, values: 30*C, 49%
Timestamp: 2022-05-13 02:34:02, values: 30*C, 48%
Timestamp: 2022-05-13 02:34:05, values: 30*C, 47%
Timestamp: 2022-05-13 02:34:07, values: 31*C, 47%
Timestamp: 2022-05-13 02:34:16, values: 31*C, 46%
Timestamp: 2022-05-13 02:34:29, values: 31*C, 45%
Timestamp: 2022-05-13 02:34:41, values: 31*C, 45%
Timestamp: 2022-05-13 02:35:35, values: 31*C, 45%
Timestamp: 2022-05-13 02:35:55, values: 31*C, 45%
Timestamp: 2022-05-13 02:36:40, values: 31*C, 45%
Timestamp: 2022-05-13 02:36:43, values: 31*C, 45%
Timestamp: 2022-05-13 02:36:54, values: 31*C, 45%
Timestamp: 2022-05-13 02:37:08, values: 31*C, 45%
Timestamp: 2022-05-13 02:37:32, values: 31*C, 45%
Timestamp: 2022-05-13 02:37:37, values: 31*C, 45%
Timestamp: 2022-05-13 02:37:39, values: 31*C, 45%
Timestamp: 2022-05-13 02:37:48, values: 31*C, 45%
Timestamp: 2022-05-13 02:37:55, values: 31*C, 45%
Timestamp: 2022-05-13 02:53:31, values: 31*C, 43%
Timestamp: 2022-05-13 03:17:01, values: 28*C, 42%
Timestamp: 2022-05-13 03:18:22, values: 28*C, 42%
Timestamp: 2022-05-13 03:23:32, values: 28*C, 42%
Timestamp: 2022-05-13 03:25:40, values: 28*C, 42%
Timestamp: 2022-05-13 03:26:41, values: 28*C, 42%
Timestamp: 2022-05-13 03:30:14, values: 28*C, 42%
Timestamp: 2022-05-13 03:30:27, values: 28*C, 42%
Timestamp: 2022-05-13 03:33:28, values: 28*C, 42%
Timestamp: 2022-05-13 03:33:40, values: 28*C, 42%
Timestamp: 2022-05-13 03:34:50, values: 28*C, 42%
Timestamp: 2022-05-13 03:38:45, values: 28*C, 42%
Timestamp: 2022-05-13 03:39:43, values: 28*C, 42%
Timestamp: 2022-05-13 03:41:23, values: 28*C, 42%
Timestamp: 2022-05-13 03:41:25, values: 28*C, 42%
Timestamp: 2022-05-13 03:41:34, values: 28*C, 42%
Timestamp: 2022-05-13 03:41:43, values: 28*C, 42%
Timestamp: 2022-05-13 03:41:59, values: 28*C, 42%
Timestamp: 2022-05-13 03:42:04, values: 28*C, 42%
Timestamp: 2022-05-13 03:42:31, values: 27*C, 42%
Timestamp: 2022-05-13 03:42:44, values: 28*C, 42%
Timestamp: 2022-05-13 03:42:47, values: 28*C, 42%
Timestamp: 2022-05-13 03:42:49, values: 28*C, 42%
Timestamp: 2022-05-13 03:43:07, values: 28*C, 42%
Timestamp: 2022-05-13 03:47:40, values: 27*C, 42%
Timestamp: 2022-05-13 03:49:42, values: 27*C, 42%
Timestamp: 2022-05-13 03:51:24, values: 27*C, 42%
Timestamp: 2022-05-13 03:51:31, values: 27*C, 42%
Timestamp: 2022-05-13 03:53:42, values: 27*C, 42%
Timestamp: 2022-05-13 03:54:54, values: 27*C, 42%
Timestamp: 2022-05-13 03:55:05, values: 27*C, 42%
Timestamp: 2022-05-13 03:56:04, values: 27*C, 42%
Timestamp: 2022-05-13 03:56:09, values: 27*C, 42%
Timestamp: 2022-05-13 03:56:16, values: 27*C, 42%
Timestamp: 2022-05-13 03:57:12, values: 27*C, 42%
Timestamp: 2022-05-13 03:57:41, values: 27*C, 42%
Timestamp: 2022-05-13 03:59:07, values: 27*C, 42%
Timestamp: 2022-05-13 04:00:17, values: 27*C, 42%
Timestamp: 2022-05-13 04:00:35, values: 27*C, 42%
Timestamp: 2022-05-13 04:01:21, values: 27*C, 42%
Timestamp: 2022-05-13 04:01:54, values: 27*C, 42%
Timestamp: 2022-05-13 04:03:36, values: 27*C, 42%
Timestamp: 2022-05-13 04:03:50, values: 27*C, 42%
Timestamp: 2022-05-13 04:04:06, values: 27*C, 42%
Timestamp: 2022-05-13 04:04:17, values: 27*C, 42%
Timestamp: 2022-05-13 04:04:24, values: 27*C, 42%
Timestamp: 2022-05-13 04:04:26, values: 27*C, 42%
Timestamp: 2022-05-13 04:04:35, values: 27*C, 42%
Timestamp: 2022-05-13 04:05:45, values: 27*C, 42%
Timestamp: 2022-05-13 04:05:59, values: 27*C, 42%
Timestamp: 2022-05-13 04:06:40, values: 27*C, 42%
Timestamp: 2022-05-13 04:06:53, values: 27*C, 42%
Timestamp: 2022-05-13 04:07:14, values: 27*C, 42%
Timestamp: 2022-05-13 04:07:18, values: 27*C, 42%
Timestamp: 2022-05-13 04:07:34, values: 27*C, 42%
Timestamp: 2022-05-13 04:07:59, values: 27*C, 42%
Timestamp: 2022-05-13 04:08:03, values: 27*C, 42%
Timestamp: 2022-05-13 04:08:19, values: 27*C, 42%
Timestamp: 2022-05-13 04:08:37, values: 27*C, 42%
Timestamp: 2022-05-13 04:08:55, values: 27*C, 42%
Timestamp: 2022-05-13 04:09:22, values: 27*C, 42%
Timestamp: 2022-05-13 04:09:36, values: 27*C, 42%
Timestamp: 2022-05-13 04:10:19, values: 27*C, 42%
Timestamp: 2022-05-13 04:10:26, values: 27*C, 42%
Timestamp: 2022-05-13 04:10:28, values: 27*C, 42%
Timestamp: 2022-05-13 04:10:48, values: 27*C, 42%
Timestamp: 2022-05-13 04:10:57, values: 27*C, 42%
Timestamp: 2022-05-13 04:11:36, values: 27*C, 42%
Timestamp: 2022-05-13 04:11:45, values: 27*C, 42%
Timestamp: 2022-05-13 04:12:05, values: 27*C, 42%
Timestamp: 2022-05-13 04:12:10, values: 27*C, 42%
Timestamp: 2022-05-13 04:12:28, values: 27*C, 42%
Timestamp: 2022-05-13 04:13:13, values: 27*C, 42%
Timestamp: 2022-05-13 04:13:15, values: 27*C, 42%
Timestamp: 2022-05-13 04:13:31, values: 27*C, 42%
Timestamp: 2022-05-13 04:13:35, values: 27*C, 42%
Timestamp: 2022-05-13 04:13:47, values: 27*C, 42%
Timestamp: 2022-05-13 04:14:07, values: 27*C, 42%
Timestamp: 2022-05-13 04:14:12, values: 27*C, 42%
Timestamp: 2022-05-13 04:14:34, values: 27*C, 42%
Timestamp: 2022-05-13 04:14:41, values: 27*C, 42%
Timestamp: 2022-05-13 04:15:04, values: 27*C, 42%
Timestamp: 2022-05-13 04:15:15, values: 27*C, 42%
Timestamp: 2022-05-13 04:15:19, values: 27*C, 42%
Timestamp: 2022-05-13 04:15:24, values: 27*C, 42%
Timestamp: 2022-05-13 04:15:35, values: 27*C, 42%
Timestamp: 2022-05-13 04:15:53, values: 27*C, 42%
Timestamp: 2022-05-13 04:15:56, values: 27*C, 42%
Timestamp: 2022-05-13 04:16:02, values: 27*C, 42%
Timestamp: 2022-05-13 04:16:09, values: 27*C, 42%
Timestamp: 2022-05-13 04:16:25, values: 27*C, 42%
Timestamp: 2022-05-13 04:16:38, values: 27*C, 42%
Timestamp: 2022-05-13 04:17:08, values: 27*C, 42%
Timestamp: 2022-05-13 04:17:24, values: 27*C, 42%
Timestamp: 2022-05-13 04:17:28, values: 27*C, 42%
Timestamp: 2022-05-13 04:17:35, values: 27*C, 42%
Timestamp: 2022-05-13 04:17:42, values: 27*C, 42%
Timestamp: 2022-05-13 04:17:49, values: 27*C, 42%
Timestamp: 2022-05-13 04:18:13, values: 27*C, 42%
Timestamp: 2022-05-13 04:18:43, values: 27*C, 42%
Timestamp: 2022-05-13 04:18:52, values: 27*C, 42%
Timestamp: 2022-05-13 04:18:54, values: 27*C, 42%
Timestamp: 2022-05-13 04:19:14, values: 27*C, 42%
Timestamp: 2022-05-13 04:19:46, values: 27*C, 42%
Timestamp: 2022-05-13 04:19:48, values: 27*C, 42%
Timestamp: 2022-05-13 04:19:55, values: 27*C, 42%
Timestamp: 2022-05-13 04:20:06, values: 27*C, 42%
Timestamp: 2022-05-13 04:20:27, values: 27*C, 42%
Timestamp: 2022-05-13 04:20:43, values: 27*C, 42%
Timestamp: 2022-05-13 04:21:07, values: 27*C, 42%
Timestamp: 2022-05-13 04:21:14, values: 27*C, 42%
Timestamp: 2022-05-13 04:21:25, values: 27*C, 42%
Timestamp: 2022-05-13 04:21:57, values: 27*C, 42%
Timestamp: 2022-05-13 04:22:45, values: 27*C, 42%
Timestamp: 2022-05-13 04:22:58, values: 27*C, 42%
Timestamp: 2022-05-13 04:23:05, values: 27*C, 42%
Timestamp: 2022-05-13 04:23:07, values: 27*C, 42%
Timestamp: 2022-05-13 04:23:09, values: 27*C, 42%
Timestamp: 2022-05-13 04:23:41, values: 27*C, 42%
Timestamp: 2022-05-13 04:23:43, values: 27*C, 42%
Timestamp: 2022-05-13 04:24:04, values: 27*C, 42%
Timestamp: 2022-05-13 04:24:10, values: 27*C, 42%
Timestamp: 2022-05-13 04:24:47, values: 27*C, 42%
Timestamp: 2022-05-13 04:25:05, values: 27*C, 42%
Timestamp: 2022-05-13 04:25:07, values: 27*C, 42%
Timestamp: 2022-05-13 04:25:41, values: 27*C, 42%
Timestamp: 2022-05-13 04:25:54, values: 27*C, 42%
Timestamp: 2022-05-13 04:26:35, values: 27*C, 42%
Timestamp: 2022-05-13 04:26:53, values: 27*C, 42%
Timestamp: 2022-05-13 04:26:58, values: 27*C, 42%
Timestamp: 2022-05-13 04:29:16, values: 27*C, 42%
Timestamp: 2022-05-13 04:40:25, values: 26*C, 43%
Timestamp: 2022-05-13 04:49:05, values: 26*C, 43%
Timestamp: 2022-05-13 04:51:05, values: 26*C, 43%
Timestamp: 2022-05-13 04:52:10, values: 26*C, 43%
Timestamp: 2022-05-13 04:52:55, values: 26*C, 43%
Timestamp: 2022-05-13 04:54:26, values: 26*C, 43%
Timestamp: 2022-05-13 04:54:35, values: 26*C, 43%
Timestamp: 2022-05-13 04:55:42, values: 26*C, 43%
Timestamp: 2022-05-13 04:56:19, values: 26*C, 43%
Timestamp: 2022-05-13 04:57:04, values: 26*C, 43%
Timestamp: 2022-05-13 04:57:11, values: 26*C, 43%
Timestamp: 2022-05-13 04:58:21, values: 26*C, 43%
Timestamp: 2022-05-13 05:00:16, values: 26*C, 43%
Timestamp: 2022-05-13 05:00:41, values: 26*C, 43%
Timestamp: 2022-05-13 05:01:01, values: 26*C, 43%
Timestamp: 2022-05-13 05:02:56, values: 26*C, 43%
Timestamp: 2022-05-13 05:04:20, values: 26*C, 43%
Timestamp: 2022-05-13 05:04:24, values: 26*C, 43%
Timestamp: 2022-05-13 05:05:48, values: 26*C, 43%
Timestamp: 2022-05-13 05:06:27, values: 26*C, 43%
Timestamp: 2022-05-13 05:06:41, values: 26*C, 43%
Timestamp: 2022-05-13 05:07:10, values: 26*C, 43%
Timestamp: 2022-05-13 05:07:24, values: 26*C, 43%
Timestamp: 2022-05-13 05:08:04, values: 26*C, 43%
Timestamp: 2022-05-13 05:09:12, values: 26*C, 43%
Timestamp: 2022-05-13 05:09:53, values: 26*C, 43%
Timestamp: 2022-05-13 05:10:20, values: 26*C, 43%
Timestamp: 2022-05-13 05:10:33, values: 26*C, 43%
Timestamp: 2022-05-13 05:10:49, values: 26*C, 43%
Timestamp: 2022-05-13 05:10:51, values: 26*C, 43%
Timestamp: 2022-05-13 05:11:57, values: 26*C, 43%
Timestamp: 2022-05-13 05:12:13, values: 26*C, 43%
Timestamp: 2022-05-13 05:12:33, values: 26*C, 43%
Timestamp: 2022-05-13 05:13:39, values: 26*C, 43%
Timestamp: 2022-05-13 05:15:18, values: 26*C, 43%
Timestamp: 2022-05-13 05:15:50, values: 26*C, 43%
Timestamp: 2022-05-13 05:16:48, values: 26*C, 43%
Timestamp: 2022-05-13 05:17:27, values: 26*C, 43%
Timestamp: 2022-05-13 05:17:34, values: 26*C, 43%
Timestamp: 2022-05-13 05:18:12, values: 26*C, 43%
Timestamp: 2022-05-13 05:19:06, values: 26*C, 43%
Timestamp: 2022-05-13 05:19:11, values: 26*C, 43%
Timestamp: 2022-05-13 05:19:56, values: 26*C, 43%
Timestamp: 2022-05-13 05:20:01, values: 26*C, 43%
Timestamp: 2022-05-13 05:20:59, values: 26*C, 43%
Timestamp: 2022-05-13 05:21:33, values: 26*C, 43%
Timestamp: 2022-05-13 05:23:06, values: 26*C, 43%
Timestamp: 2022-05-13 05:24:20, values: 26*C, 43%
Timestamp: 2022-05-13 05:24:32, values: 26*C, 43%
Timestamp: 2022-05-13 05:25:21, values: 26*C, 43%
Timestamp: 2022-05-13 05:25:26, values: 26*C, 43%
Timestamp: 2022-05-13 05:25:51, values: 26*C, 43%
Timestamp: 2022-05-13 05:25:55, values: 26*C, 43%
Timestamp: 2022-05-13 05:25:58, values: 26*C, 43%
Timestamp: 2022-05-13 05:26:00, values: 26*C, 43%
Timestamp: 2022-05-13 05:27:17, values: 26*C, 43%
Timestamp: 2022-05-13 05:27:39, values: 26*C, 43%
Timestamp: 2022-05-13 05:28:11, values: 26*C, 43%
Timestamp: 2022-05-13 05:29:01, values: 26*C, 43%
Timestamp: 2022-05-13 05:29:14, values: 26*C, 43%
Timestamp: 2022-05-13 05:29:35, values: 26*C, 43%
Timestamp: 2022-05-13 05:29:44, values: 26*C, 43%
Timestamp: 2022-05-13 05:30:08, values: 26*C, 43%
Timestamp: 2022-05-13 05:30:36, values: 26*C, 43%
Timestamp: 2022-05-13 05:31:30, values: 26*C, 43%
Timestamp: 2022-05-13 05:31:34, values: 26*C, 43%
Timestamp: 2022-05-13 05:32:10, values: 26*C, 43%
Timestamp: 2022-05-13 05:33:09, values: 26*C, 43%
Timestamp: 2022-05-13 05:33:48, values: 26*C, 43%
Timestamp: 2022-05-13 05:33:59, values: 26*C, 43%
Timestamp: 2022-05-13 05:34:31, values: 26*C, 43%
Timestamp: 2022-05-13 05:34:33, values: 26*C, 43%
Timestamp: 2022-05-13 05:34:44, values: 26*C, 43%
Timestamp: 2022-05-13 05:34:53, values: 26*C, 44%
Timestamp: 2022-05-13 05:35:00, values: 26*C, 43%
Timestamp: 2022-05-13 05:35:29, values: 26*C, 43%
Timestamp: 2022-05-13 05:37:38, values: 26*C, 44%
Timestamp: 2022-05-13 05:37:56, values: 26*C, 43%
Timestamp: 2022-05-13 05:38:03, values: 26*C, 44%
Timestamp: 2022-05-13 05:38:17, values: 26*C, 44%
Timestamp: 2022-05-13 05:38:46, values: 26*C, 44%
Timestamp: 2022-05-13 05:39:11, values: 26*C, 44%
Timestamp: 2022-05-13 05:39:13, values: 26*C, 44%
Timestamp: 2022-05-13 05:39:15, values: 26*C, 44%
Timestamp: 2022-05-13 05:39:47, values: 26*C, 44%
Timestamp: 2022-05-13 05:39:49, values: 26*C, 44%
Timestamp: 2022-05-13 05:40:03, values: 26*C, 44%
Timestamp: 2022-05-13 05:40:05, values: 26*C, 44%
Timestamp: 2022-05-13 05:42:54, values: 26*C, 44%
Timestamp: 2022-05-13 05:42:57, values: 26*C, 44%
Timestamp: 2022-05-13 05:42:59, values: 26*C, 44%
Timestamp: 2022-05-13 05:43:06, values: 26*C, 44%
Timestamp: 2022-05-13 05:44:47, values: 26*C, 44%
Timestamp: 2022-05-13 05:44:59, values: 26*C, 44%
Timestamp: 2022-05-13 05:45:48, values: 26*C, 44%
Timestamp: 2022-05-13 05:45:51, values: 26*C, 44%
Timestamp: 2022-05-13 05:45:53, values: 26*C, 44%
Timestamp: 2022-05-13 05:46:13, values: 26*C, 44%
Timestamp: 2022-05-13 05:47:05, values: 26*C, 44%
Timestamp: 2022-05-13 05:47:17, values: 26*C, 44%
Timestamp: 2022-05-13 05:47:48, values: 26*C, 44%
Timestamp: 2022-05-13 05:48:36, values: 26*C, 44%
Timestamp: 2022-05-13 05:48:45, values: 26*C, 44%
Timestamp: 2022-05-13 05:49:05, values: 26*C, 44%
Timestamp: 2022-05-13 05:49:21, values: 26*C, 44%
Timestamp: 2022-05-13 05:49:37, values: 26*C, 44%
Timestamp: 2022-05-13 05:50:22, values: 26*C, 44%
Timestamp: 2022-05-13 05:50:40, values: 26*C, 44%
Timestamp: 2022-05-13 05:51:00, values: 26*C, 44%
Timestamp: 2022-05-13 05:51:45, values: 26*C, 44%
Timestamp: 2022-05-13 05:52:31, values: 26*C, 44%
Timestamp: 2022-05-13 05:52:53, values: 26*C, 44%
Timestamp: 2022-05-13 05:52:55, values: 26*C, 44%
Timestamp: 2022-05-13 05:53:38, values: 26*C, 44%
Timestamp: 2022-05-13 05:54:21, values: 26*C, 44%
Timestamp: 2022-05-13 05:55:16, values: 26*C, 44%
Timestamp: 2022-05-13 05:56:03, values: 26*C, 44%
Timestamp: 2022-05-13 05:56:12, values: 26*C, 44%
Timestamp: 2022-05-13 05:56:19, values: 26*C, 44%
Timestamp: 2022-05-13 05:57:18, values: 26*C, 44%
Timestamp: 2022-05-13 05:58:01, values: 26*C, 45%
Timestamp: 2022-05-13 05:58:10, values: 26*C, 44%
Timestamp: 2022-05-13 05:58:53, values: 26*C, 45%
Timestamp: 2022-05-13 05:58:59, values: 26*C, 45%
Timestamp: 2022-05-13 06:00:36, values: 26*C, 45%
Timestamp: 2022-05-13 06:01:08, values: 26*C, 45%
Timestamp: 2022-05-13 06:01:44, values: 26*C, 45%
Timestamp: 2022-05-13 06:01:56, values: 26*C, 45%
Timestamp: 2022-05-13 06:03:10, values: 26*C, 45%
Timestamp: 2022-05-13 06:03:17, values: 26*C, 45%
Timestamp: 2022-05-13 06:04:22, values: 26*C, 45%
Timestamp: 2022-05-13 06:04:50, values: 26*C, 45%
Timestamp: 2022-05-13 06:05:03, values: 26*C, 45%
Timestamp: 2022-05-13 06:05:21, values: 26*C, 45%
Timestamp: 2022-05-13 06:05:35, values: 26*C, 45%
Timestamp: 2022-05-13 06:05:57, values: 26*C, 45%
Timestamp: 2022-05-13 06:06:20, values: 26*C, 45%
Timestamp: 2022-05-13 06:07:16, values: 26*C, 45%
Timestamp: 2022-05-13 06:07:37, values: 26*C, 45%
Timestamp: 2022-05-13 06:07:59, values: 26*C, 45%
Timestamp: 2022-05-13 06:08:04, values: 26*C, 45%
Timestamp: 2022-05-13 06:08:11, values: 26*C, 45%
Timestamp: 2022-05-13 06:08:13, values: 26*C, 45%
Timestamp: 2022-05-13 06:09:07, values: 26*C, 45%
Timestamp: 2022-05-13 06:09:50, values: 26*C, 44%
Timestamp: 2022-05-13 06:10:04, values: 26*C, 45%
Timestamp: 2022-05-13 06:10:06, values: 26*C, 45%
Timestamp: 2022-05-13 06:10:13, values: 26*C, 44%
Timestamp: 2022-05-13 06:10:26, values: 26*C, 44%
Timestamp: 2022-05-13 06:11:39, values: 26*C, 45%
Timestamp: 2022-05-13 06:11:43, values: 26*C, 44%
Timestamp: 2022-05-13 06:13:07, values: 26*C, 44%
Timestamp: 2022-05-13 06:13:23, values: 26*C, 44%
Timestamp: 2022-05-13 06:13:56, values: 26*C, 44%
Timestamp: 2022-05-13 06:14:33, values: 26*C, 44%
Timestamp: 2022-05-13 06:14:48, values: 26*C, 44%
Timestamp: 2022-05-13 06:14:55, values: 26*C, 44%
Timestamp: 2022-05-13 06:15:00, values: 26*C, 44%
Timestamp: 2022-05-13 06:15:04, values: 26*C, 44%
Timestamp: 2022-05-13 06:15:40, values: 26*C, 44%
Timestamp: 2022-05-13 06:16:26, values: 26*C, 44%
Timestamp: 2022-05-13 06:16:28, values: 26*C, 44%
Timestamp: 2022-05-13 06:16:50, values: 26*C, 44%
Timestamp: 2022-05-13 06:18:16, values: 26*C, 44%
Timestamp: 2022-05-13 06:18:28, values: 26*C, 44%
Timestamp: 2022-05-13 06:18:37, values: 26*C, 44%
Timestamp: 2022-05-13 06:18:43, values: 26*C, 44%
Timestamp: 2022-05-13 06:18:57, values: 26*C, 44%
Timestamp: 2022-05-13 06:19:11, values: 26*C, 44%
Timestamp: 2022-05-13 06:19:22, values: 26*C, 44%
Timestamp: 2022-05-13 06:19:26, values: 26*C, 44%
Timestamp: 2022-05-13 06:19:29, values: 26*C, 44%
Timestamp: 2022-05-13 06:19:40, values: 26*C, 44%
Timestamp: 2022-05-13 06:19:49, values: 26*C, 44%
Timestamp: 2022-05-13 06:19:56, values: 26*C, 44%
Timestamp: 2022-05-13 06:20:12, values: 26*C, 44%
Timestamp: 2022-05-13 06:21:17, values: 26*C, 44%
Timestamp: 2022-05-13 06:21:44, values: 26*C, 44%
Timestamp: 2022-05-13 06:21:51, values: 26*C, 44%
Timestamp: 2022-05-13 06:22:54, values: 26*C, 44%
Timestamp: 2022-05-13 06:23:51, values: 26*C, 44%
Timestamp: 2022-05-13 06:24:29, values: 26*C, 44%
Timestamp: 2022-05-13 06:26:06, values: 26*C, 44%
Timestamp: 2022-05-13 06:26:18, values: 26*C, 44%
Timestamp: 2022-05-13 06:26:22, values: 26*C, 44%
Timestamp: 2022-05-13 06:26:24, values: 26*C, 44%
Timestamp: 2022-05-13 06:26:49, values: 26*C, 44%
Timestamp: 2022-05-13 06:27:16, values: 26*C, 44%
Timestamp: 2022-05-13 06:27:19, values: 26*C, 44%
Timestamp: 2022-05-13 06:27:39, values: 26*C, 44%
Timestamp: 2022-05-13 06:27:50, values: 26*C, 44%
Timestamp: 2022-05-13 06:28:20, values: 26*C, 44%
Timestamp: 2022-05-13 06:28:42, values: 26*C, 44%
Timestamp: 2022-05-13 06:30:04, values: 26*C, 44%
Timestamp: 2022-05-13 06:30:44, values: 26*C, 44%
Timestamp: 2022-05-13 06:30:47, values: 26*C, 44%
Timestamp: 2022-05-13 06:32:40, values: 26*C, 44%
Timestamp: 2022-05-13 06:33:00, values: 26*C, 44%
Timestamp: 2022-05-13 06:33:09, values: 26*C, 44%
Timestamp: 2022-05-13 06:34:28, values: 26*C, 44%
Timestamp: 2022-05-13 06:34:30, values: 26*C, 44%
Timestamp: 2022-05-13 06:34:37, values: 26*C, 44%
Timestamp: 2022-05-13 06:34:39, values: 26*C, 44%
Timestamp: 2022-05-13 06:34:57, values: 26*C, 44%
Timestamp: 2022-05-13 06:35:29, values: 26*C, 44%
Timestamp: 2022-05-13 06:35:38, values: 26*C, 44%
Timestamp: 2022-05-13 06:37:31, values: 26*C, 44%
Timestamp: 2022-05-13 06:37:51, values: 26*C, 44%
Timestamp: 2022-05-13 06:38:09, values: 26*C, 44%
Timestamp: 2022-05-13 06:38:18, values: 26*C, 44%
Timestamp: 2022-05-13 06:38:30, values: 26*C, 44%
Timestamp: 2022-05-13 06:38:50, values: 26*C, 44%
Timestamp: 2022-05-13 06:39:08, values: 26*C, 44%
Timestamp: 2022-05-13 06:39:49, values: 26*C, 44%
Timestamp: 2022-05-13 06:40:16, values: 26*C, 44%
Timestamp: 2022-05-13 06:40:18, values: 26*C, 44%
Timestamp: 2022-05-13 06:40:43, values: 26*C, 44%
Timestamp: 2022-05-13 06:41:10, values: 26*C, 44%
Timestamp: 2022-05-13 06:41:33, values: 26*C, 44%
Timestamp: 2022-05-13 06:41:44, values: 26*C, 44%
Timestamp: 2022-05-13 06:42:00, values: 26*C, 44%
Timestamp: 2022-05-13 06:42:16, values: 26*C, 44%
Timestamp: 2022-05-13 06:42:18, values: 26*C, 44%
Timestamp: 2022-05-13 06:42:45, values: 26*C, 44%
Timestamp: 2022-05-13 06:42:52, values: 26*C, 44%
Timestamp: 2022-05-13 06:43:15, values: 26*C, 44%
Timestamp: 2022-05-13 06:43:19, values: 26*C, 44%
Timestamp: 2022-05-13 06:43:35, values: 26*C, 44%
Timestamp: 2022-05-13 06:43:58, values: 26*C, 44%
Timestamp: 2022-05-13 06:44:11, values: 26*C, 44%
Timestamp: 2022-05-13 06:44:29, values: 26*C, 44%
Timestamp: 2022-05-13 06:45:01, values: 26*C, 44%
Timestamp: 2022-05-13 06:45:08, values: 26*C, 44%
Timestamp: 2022-05-13 06:45:28, values: 26*C, 44%
Timestamp: 2022-05-13 06:45:42, values: 26*C, 44%
Timestamp: 2022-05-13 06:46:40, values: 26*C, 44%
Timestamp: 2022-05-13 06:47:50, values: 26*C, 44%
Timestamp: 2022-05-13 06:47:57, values: 26*C, 44%
Timestamp: 2022-05-13 06:48:18, values: 26*C, 44%
Timestamp: 2022-05-13 06:48:51, values: 26*C, 44%
Timestamp: 2022-05-13 06:49:09, values: 26*C, 44%
Timestamp: 2022-05-13 06:49:12, values: 26*C, 44%
Timestamp: 2022-05-13 06:49:41, values: 26*C, 44%
Timestamp: 2022-05-13 06:49:50, values: 26*C, 44%
Timestamp: 2022-05-13 06:50:15, values: 26*C, 44%
Timestamp: 2022-05-13 06:50:35, values: 26*C, 44%
Timestamp: 2022-05-13 06:52:40, values: 26*C, 44%
Timestamp: 2022-05-13 06:52:55, values: 26*C, 44%
Timestamp: 2022-05-13 06:53:02, values: 26*C, 44%
Timestamp: 2022-05-13 06:53:27, values: 26*C, 44%
Timestamp: 2022-05-13 06:54:01, values: 26*C, 44%
Timestamp: 2022-05-13 06:54:12, values: 26*C, 44%
Timestamp: 2022-05-13 06:54:15, values: 26*C, 44%
Timestamp: 2022-05-13 06:54:28, values: 26*C, 44%
Timestamp: 2022-05-13 06:54:33, values: 26*C, 44%
Timestamp: 2022-05-13 06:54:48, values: 26*C, 44%
Timestamp: 2022-05-13 06:55:07, values: 26*C, 44%
Timestamp: 2022-05-13 06:55:22, values: 26*C, 44%
Timestamp: 2022-05-13 06:55:54, values: 26*C, 44%
Timestamp: 2022-05-13 06:56:12, values: 26*C, 44%
Timestamp: 2022-05-13 06:56:21, values: 26*C, 44%
Timestamp: 2022-05-13 06:56:32, values: 26*C, 44%
Timestamp: 2022-05-13 06:56:37, values: 26*C, 44%
Timestamp: 2022-05-13 06:56:55, values: 26*C, 44%
Timestamp: 2022-05-13 06:58:10, values: 26*C, 44%
Timestamp: 2022-05-13 06:58:41, values: 26*C, 44%
Timestamp: 2022-05-13 06:58:46, values: 26*C, 44%
Timestamp: 2022-05-13 06:58:50, values: 26*C, 44%
Timestamp: 2022-05-13 06:59:02, values: 26*C, 44%
Timestamp: 2022-05-13 06:59:31, values: 26*C, 44%
Timestamp: 2022-05-13 07:00:09, values: 26*C, 44%
Timestamp: 2022-05-13 07:00:12, values: 26*C, 44%
Timestamp: 2022-05-13 07:00:39, values: 26*C, 44%
Timestamp: 2022-05-13 07:00:52, values: 26*C, 44%
Timestamp: 2022-05-13 07:00:57, values: 26*C, 44%
Timestamp: 2022-05-13 07:01:01, values: 26*C, 44%
Timestamp: 2022-05-13 07:01:22, values: 26*C, 44%
Timestamp: 2022-05-13 07:01:47, values: 26*C, 44%
Timestamp: 2022-05-13 07:02:29, values: 26*C, 44%
Timestamp: 2022-05-13 07:03:42, values: 26*C, 44%
Timestamp: 2022-05-13 07:04:25, values: 26*C, 44%
Timestamp: 2022-05-13 07:04:34, values: 26*C, 44%
Timestamp: 2022-05-13 07:04:38, values: 26*C, 44%
Timestamp: 2022-05-13 07:04:56, values: 26*C, 44%
Timestamp: 2022-05-13 07:05:48, values: 26*C, 44%
Timestamp: 2022-05-13 07:05:55, values: 26*C, 44%
Timestamp: 2022-05-13 07:06:13, values: 26*C, 44%
Timestamp: 2022-05-13 07:06:18, values: 26*C, 44%
Timestamp: 2022-05-13 07:07:16, values: 26*C, 44%
Timestamp: 2022-05-13 07:08:40, values: 26*C, 44%
Timestamp: 2022-05-13 07:09:14, values: 26*C, 44%
Timestamp: 2022-05-13 07:10:38, values: 26*C, 44%
Timestamp: 2022-05-13 07:10:49, values: 26*C, 44%
Timestamp: 2022-05-13 07:10:51, values: 26*C, 44%
Timestamp: 2022-05-13 07:11:50, values: 26*C, 44%
Timestamp: 2022-05-13 07:12:04, values: 26*C, 44%
Timestamp: 2022-05-13 07:12:24, values: 26*C, 44%
Timestamp: 2022-05-13 07:13:18, values: 26*C, 44%
Timestamp: 2022-05-13 07:13:54, values: 26*C, 44%
Timestamp: 2022-05-13 07:14:19, values: 26*C, 44%
Timestamp: 2022-05-13 07:14:44, values: 26*C, 44%
Timestamp: 2022-05-13 07:15:23, values: 26*C, 44%
Timestamp: 2022-05-13 07:15:29, values: 26*C, 44%
Timestamp: 2022-05-13 07:15:41, values: 26*C, 44%
Timestamp: 2022-05-13 07:15:47, values: 26*C, 44%
Timestamp: 2022-05-13 07:16:12, values: 26*C, 44%
Timestamp: 2022-05-13 07:16:48, values: 26*C, 44%
Timestamp: 2022-05-13 07:17:16, values: 26*C, 44%
Timestamp: 2022-05-13 07:17:20, values: 26*C, 44%
Timestamp: 2022-05-13 07:17:25, values: 26*C, 45%
Timestamp: 2022-05-13 07:17:34, values: 26*C, 44%
Timestamp: 2022-05-13 07:17:47, values: 26*C, 44%
Timestamp: 2022-05-13 07:17:56, values: 26*C, 44%
Timestamp: 2022-05-13 07:17:58, values: 26*C, 44%
Timestamp: 2022-05-13 07:18:07, values: 26*C, 44%
Timestamp: 2022-05-13 07:18:19, values: 26*C, 44%
Timestamp: 2022-05-13 07:18:23, values: 26*C, 44%
Timestamp: 2022-05-13 07:18:41, values: 26*C, 44%
Timestamp: 2022-05-13 07:19:06, values: 26*C, 44%
Timestamp: 2022-05-13 07:19:33, values: 26*C, 44%
Timestamp: 2022-05-13 07:19:42, values: 26*C, 44%
Timestamp: 2022-05-13 07:20:00, values: 26*C, 44%
Timestamp: 2022-05-13 07:20:07, values: 26*C, 44%
Timestamp: 2022-05-13 07:20:59, values: 26*C, 45%
Timestamp: 2022-05-13 07:22:39, values: 26*C, 44%
Timestamp: 2022-05-13 07:23:42, values: 26*C, 44%
Timestamp: 2022-05-13 07:24:38, values: 26*C, 44%
Timestamp: 2022-05-13 07:24:52, values: 26*C, 44%
Timestamp: 2022-05-13 07:25:12, values: 26*C, 44%
Timestamp: 2022-05-13 07:25:24, values: 26*C, 44%
Timestamp: 2022-05-13 07:25:42, values: 26*C, 44%
Timestamp: 2022-05-13 07:25:46, values: 26*C, 44%
Timestamp: 2022-05-13 07:26:27, values: 26*C, 44%
Timestamp: 2022-05-13 07:26:31, values: 26*C, 44%
Timestamp: 2022-05-13 07:26:43, values: 26*C, 44%
Timestamp: 2022-05-13 07:26:45, values: 26*C, 45%
Timestamp: 2022-05-13 07:26:52, values: 26*C, 44%
Timestamp: 2022-05-13 07:26:59, values: 26*C, 44%
Timestamp: 2022-05-13 07:27:03, values: 26*C, 44%
Timestamp: 2022-05-13 07:27:21, values: 26*C, 44%
Timestamp: 2022-05-13 07:27:28, values: 26*C, 44%
Timestamp: 2022-05-13 07:27:32, values: 26*C, 44%
Timestamp: 2022-05-13 07:27:37, values: 26*C, 44%
Timestamp: 2022-05-13 07:27:46, values: 26*C, 44%
Timestamp: 2022-05-13 07:27:55, values: 26*C, 44%
Timestamp: 2022-05-13 07:28:06, values: 26*C, 44%
Timestamp: 2022-05-13 07:28:13, values: 26*C, 44%
Timestamp: 2022-05-13 07:28:33, values: 26*C, 44%
Timestamp: 2022-05-13 07:28:42, values: 26*C, 45%
Timestamp: 2022-05-13 07:28:45, values: 26*C, 45%
Timestamp: 2022-05-13 07:28:58, values: 26*C, 45%
Timestamp: 2022-05-13 07:29:03, values: 26*C, 45%
Timestamp: 2022-05-13 07:29:19, values: 26*C, 45%
Timestamp: 2022-05-13 07:29:28, values: 26*C, 45%
Timestamp: 2022-05-13 07:29:59, values: 26*C, 44%
Timestamp: 2022-05-13 07:30:42, values: 26*C, 44%
Timestamp: 2022-05-13 07:30:45, values: 26*C, 45%
Timestamp: 2022-05-13 07:31:03, values: 26*C, 44%
Timestamp: 2022-05-13 07:31:18, values: 26*C, 45%
Timestamp: 2022-05-13 07:31:55, values: 26*C, 45%
Timestamp: 2022-05-13 07:32:10, values: 26*C, 44%
Timestamp: 2022-05-13 07:32:13, values: 26*C, 45%
Timestamp: 2022-05-13 07:32:17, values: 26*C, 44%
Timestamp: 2022-05-13 07:32:24, values: 26*C, 44%
Timestamp: 2022-05-13 07:32:28, values: 26*C, 45%
Timestamp: 2022-05-13 07:32:31, values: 26*C, 44%
Timestamp: 2022-05-13 07:32:44, values: 26*C, 45%
Timestamp: 2022-05-13 07:32:49, values: 26*C, 45%
Timestamp: 2022-05-13 07:33:11, values: 26*C, 45%
Timestamp: 2022-05-13 07:33:39, values: 26*C, 44%
Timestamp: 2022-05-13 07:33:52, values: 26*C, 45%
Timestamp: 2022-05-13 07:33:54, values: 26*C, 45%
Timestamp: 2022-05-13 07:34:10, values: 26*C, 44%
Timestamp: 2022-05-13 07:34:15, values: 26*C, 45%
Timestamp: 2022-05-13 07:34:24, values: 26*C, 44%
Timestamp: 2022-05-13 07:34:28, values: 26*C, 45%
Timestamp: 2022-05-13 07:34:37, values: 26*C, 44%
Timestamp: 2022-05-13 07:34:40, values: 26*C, 44%
Timestamp: 2022-05-13 07:34:44, values: 26*C, 44%
Timestamp: 2022-05-13 07:34:49, values: 26*C, 44%
Timestamp: 2022-05-13 07:35:34, values: 26*C, 45%
Timestamp: 2022-05-13 07:35:56, values: 26*C, 44%
Timestamp: 2022-05-13 07:36:01, values: 26*C, 44%
Timestamp: 2022-05-13 07:36:12, values: 26*C, 44%
Timestamp: 2022-05-13 07:36:19, values: 26*C, 45%
Timestamp: 2022-05-13 07:36:37, values: 26*C, 44%
Timestamp: 2022-05-13 07:36:46, values: 26*C, 44%
Timestamp: 2022-05-13 07:36:57, values: 26*C, 45%
Timestamp: 2022-05-13 07:37:02, values: 26*C, 45%
Timestamp: 2022-05-13 07:37:15, values: 26*C, 45%
Timestamp: 2022-05-13 07:37:27, values: 26*C, 45%
Timestamp: 2022-05-13 07:37:43, values: 26*C, 44%
Timestamp: 2022-05-13 07:38:01, values: 26*C, 45%
Timestamp: 2022-05-13 07:38:10, values: 26*C, 44%
Timestamp: 2022-05-13 07:38:30, values: 26*C, 44%
Timestamp: 2022-05-13 07:38:55, values: 26*C, 44%
Timestamp: 2022-05-13 07:39:24, values: 26*C, 45%
Timestamp: 2022-05-13 07:39:36, values: 26*C, 45%
Timestamp: 2022-05-13 07:40:23, values: 26*C, 44%
Timestamp: 2022-05-13 07:40:39, values: 26*C, 44%
Timestamp: 2022-05-13 07:40:41, values: 26*C, 45%
Timestamp: 2022-05-13 07:40:50, values: 26*C, 45%
Timestamp: 2022-05-13 07:41:06, values: 26*C, 44%
Timestamp: 2022-05-13 07:41:10, values: 26*C, 45%
Timestamp: 2022-05-13 07:41:15, values: 26*C, 44%
Timestamp: 2022-05-13 07:41:44, values: 26*C, 45%
Timestamp: 2022-05-13 07:41:47, values: 26*C, 44%
Timestamp: 2022-05-13 07:41:51, values: 26*C, 45%
Timestamp: 2022-05-13 07:41:53, values: 26*C, 45%
Timestamp: 2022-05-13 07:41:58, values: 26*C, 45%
Timestamp: 2022-05-13 07:42:34, values: 26*C, 45%
Timestamp: 2022-05-13 07:42:48, values: 26*C, 45%
Timestamp: 2022-05-13 07:42:50, values: 26*C, 45%
Timestamp: 2022-05-13 07:43:08, values: 26*C, 45%
Timestamp: 2022-05-13 07:43:19, values: 26*C, 44%
Timestamp: 2022-05-13 07:43:35, values: 26*C, 45%
Timestamp: 2022-05-13 07:43:40, values: 26*C, 44%
Timestamp: 2022-05-13 07:43:58, values: 26*C, 44%
Timestamp: 2022-05-13 07:44:02, values: 26*C, 44%
Timestamp: 2022-05-13 07:44:11, values: 26*C, 45%
Timestamp: 2022-05-13 07:44:20, values: 26*C, 44%
Timestamp: 2022-05-13 07:44:23, values: 26*C, 45%
Timestamp: 2022-05-13 07:44:34, values: 26*C, 45%
Timestamp: 2022-05-13 07:44:54, values: 26*C, 45%
Timestamp: 2022-05-13 07:45:15, values: 26*C, 45%
Timestamp: 2022-05-13 07:45:21, values: 26*C, 45%
Timestamp: 2022-05-13 07:45:37, values: 26*C, 45%
Timestamp: 2022-05-13 07:45:39, values: 26*C, 45%
Timestamp: 2022-05-13 07:46:09, values: 26*C, 45%
Timestamp: 2022-05-13 07:46:18, values: 26*C, 45%
Timestamp: 2022-05-13 07:46:20, values: 26*C, 45%
Timestamp: 2022-05-13 07:46:29, values: 26*C, 45%
Timestamp: 2022-05-13 07:46:52, values: 26*C, 45%
Timestamp: 2022-05-13 07:46:54, values: 26*C, 45%
Timestamp: 2022-05-13 07:47:01, values: 26*C, 45%
Timestamp: 2022-05-13 07:47:12, values: 26*C, 45%
Timestamp: 2022-05-13 07:47:21, values: 26*C, 45%
Timestamp: 2022-05-13 07:47:26, values: 26*C, 45%
Timestamp: 2022-05-13 07:47:28, values: 26*C, 45%
Timestamp: 2022-05-13 07:47:57, values: 26*C, 45%
Timestamp: 2022-05-13 07:48:54, values: 26*C, 45%
Timestamp: 2022-05-13 07:49:03, values: 26*C, 45%
Timestamp: 2022-05-13 07:49:05, values: 26*C, 45%
Timestamp: 2022-05-13 07:49:16, values: 26*C, 45%
Timestamp: 2022-05-13 07:49:25, values: 26*C, 45%
Timestamp: 2022-05-13 07:49:32, values: 26*C, 45%
Timestamp: 2022-05-13 07:49:48, values: 26*C, 45%
Timestamp: 2022-05-13 07:49:52, values: 26*C, 45%
Timestamp: 2022-05-13 07:50:26, values: 26*C, 45%
Timestamp: 2022-05-13 07:50:33, values: 26*C, 45%
Timestamp: 2022-05-13 07:51:25, values: 26*C, 45%
Timestamp: 2022-05-13 07:51:30, values: 26*C, 45%
Timestamp: 2022-05-13 07:51:32, values: 26*C, 45%
Timestamp: 2022-05-13 07:51:43, values: 26*C, 45%
Timestamp: 2022-05-13 07:52:08, values: 26*C, 45%
Timestamp: 2022-05-13 07:52:51, values: 26*C, 45%
Timestamp: 2022-05-13 07:53:16, values: 26*C, 45%
Timestamp: 2022-05-13 07:53:18, values: 26*C, 45%
Timestamp: 2022-05-13 07:53:41, values: 26*C, 45%
Timestamp: 2022-05-13 07:54:10, values: 26*C, 45%
Timestamp: 2022-05-13 07:54:28, values: 26*C, 45%
Timestamp: 2022-05-13 07:54:53, values: 26*C, 45%
Timestamp: 2022-05-13 07:55:11, values: 26*C, 45%
Timestamp: 2022-05-13 07:55:20, values: 26*C, 45%
Timestamp: 2022-05-13 07:55:22, values: 26*C, 45%
Timestamp: 2022-05-13 07:55:31, values: 26*C, 45%
Timestamp: 2022-05-13 07:55:40, values: 26*C, 45%
Timestamp: 2022-05-13 07:55:49, values: 26*C, 45%
Timestamp: 2022-05-13 07:55:52, values: 26*C, 45%
Timestamp: 2022-05-13 07:56:37, values: 26*C, 45%
Timestamp: 2022-05-13 07:57:15, values: 26*C, 45%
Timestamp: 2022-05-13 07:57:38, values: 26*C, 45%
Timestamp: 2022-05-13 07:58:30, values: 26*C, 45%
Timestamp: 2022-05-13 07:58:46, values: 26*C, 45%
Timestamp: 2022-05-13 07:58:55, values: 26*C, 45%
Timestamp: 2022-05-13 07:59:13, values: 26*C, 45%
Timestamp: 2022-05-13 07:59:17, values: 26*C, 45%
Timestamp: 2022-05-13 07:59:22, values: 26*C, 45%
Timestamp: 2022-05-13 07:59:29, values: 26*C, 45%
Timestamp: 2022-05-13 07:59:51, values: 26*C, 45%
Timestamp: 2022-05-13 08:00:07, values: 26*C, 45%
Timestamp: 2022-05-13 08:00:14, values: 26*C, 45%
Timestamp: 2022-05-13 08:00:45, values: 26*C, 45%
Timestamp: 2022-05-13 08:01:01, values: 26*C, 45%
Timestamp: 2022-05-13 08:01:33, values: 26*C, 45%
Timestamp: 2022-05-13 08:01:37, values: 26*C, 45%
Timestamp: 2022-05-13 08:02:07, values: 26*C, 45%
Timestamp: 2022-05-13 08:02:14, values: 26*C, 45%
Timestamp: 2022-05-13 08:02:54, values: 26*C, 45%
Timestamp: 2022-05-13 08:03:08, values: 26*C, 45%
Timestamp: 2022-05-13 08:03:17, values: 26*C, 45%
Timestamp: 2022-05-13 08:03:28, values: 26*C, 45%
Timestamp: 2022-05-13 08:03:35, values: 26*C, 45%
Timestamp: 2022-05-13 08:04:00, values: 26*C, 45%
Timestamp: 2022-05-13 08:04:29, values: 26*C, 45%
Timestamp: 2022-05-13 08:04:38, values: 26*C, 45%
Timestamp: 2022-05-13 08:04:45, values: 26*C, 45%
Timestamp: 2022-05-13 08:05:28, values: 26*C, 47%
Timestamp: 2022-05-13 08:05:55, values: 26*C, 47%
Timestamp: 2022-05-13 08:06:20, values: 29*C, 50%
Timestamp: 2022-05-13 08:06:24, values: 27*C, 48%
Timestamp: 2022-05-13 08:06:27, values: 27*C, 48%
Timestamp: 2022-05-13 08:06:29, values: 29*C, 51%
Timestamp: 2022-05-13 08:06:31, values: 27*C, 49%
Timestamp: 2022-05-13 08:06:33, values: 28*C, 50%
Timestamp: 2022-05-13 08:06:38, values: 28*C, 50%
Timestamp: 2022-05-13 08:06:40, values: 28*C, 50%
Timestamp: 2022-05-13 08:06:42, values: 28*C, 50%
Timestamp: 2022-05-13 08:06:45, values: 28*C, 50%
Timestamp: 2022-05-13 08:06:47, values: 28*C, 50%
Timestamp: 2022-05-13 08:06:49, values: 29*C, 51%
Timestamp: 2022-05-13 08:06:54, values: 28*C, 50%
Timestamp: 2022-05-13 08:06:56, values: 28*C, 50%
Timestamp: 2022-05-13 08:06:58, values: 29*C, 51%
Timestamp: 2022-05-13 08:07:01, values: 29*C, 52%
Timestamp: 2022-05-13 08:07:03, values: 28*C, 51%
Timestamp: 2022-05-13 08:07:05, values: 29*C, 52%
Timestamp: 2022-05-13 08:07:10, values: 26*C, 50%
Timestamp: 2022-05-13 08:07:12, values: 27*C, 50%
Timestamp: 2022-05-13 08:07:14, values: 28*C, 51%
Timestamp: 2022-05-13 08:07:16, values: 28*C, 52%
Timestamp: 2022-05-13 08:07:19, values: 27*C, 51%
Timestamp: 2022-05-13 08:07:23, values: 29*C, 53%
Timestamp: 2022-05-13 08:07:25, values: 26*C, 51%
Timestamp: 2022-05-13 08:07:28, values: 28*C, 52%
Timestamp: 2022-05-13 08:07:30, values: 26*C, 51%
Timestamp: 2022-05-13 08:07:32, values: 28*C, 52%
Timestamp: 2022-05-13 08:07:37, values: 28*C, 52%
Timestamp: 2022-05-13 08:07:39, values: 29*C, 53%
Timestamp: 2022-05-13 08:07:41, values: 27*C, 51%
Timestamp: 2022-05-13 08:07:43, values: 28*C, 52%
Timestamp: 2022-05-13 08:07:46, values: 29*C, 53%
Timestamp: 2022-05-13 08:07:48, values: 27*C, 51%
Timestamp: 2022-05-13 08:07:50, values: 29*C, 54%
Timestamp: 2022-05-13 08:07:52, values: 29*C, 54%
Timestamp: 2022-05-13 08:07:55, values: 29*C, 54%
Timestamp: 2022-05-13 08:07:57, values: 28*C, 53%
Timestamp: 2022-05-13 08:07:59, values: 28*C, 54%
Timestamp: 2022-05-13 08:08:02, values: 26*C, 53%
Timestamp: 2022-05-13 08:08:06, values: 26*C, 54%
Timestamp: 2022-05-13 08:08:08, values: 29*C, 56%
Timestamp: 2022-05-13 08:08:11, values: 28*C, 55%
Timestamp: 2022-05-13 08:08:15, values: 28*C, 55%
Timestamp: 2022-05-13 08:08:20, values: 29*C, 56%
Timestamp: 2022-05-13 08:08:22, values: 29*C, 56%
Timestamp: 2022-05-13 08:08:24, values: 27*C, 54%
Timestamp: 2022-05-13 08:08:26, values: 28*C, 55%
Timestamp: 2022-05-13 08:08:29, values: 29*C, 56%
Timestamp: 2022-05-13 08:08:33, values: 28*C, 55%
Timestamp: 2022-05-13 08:08:35, values: 27*C, 54%
Timestamp: 2022-05-13 08:08:38, values: 28*C, 54%
Timestamp: 2022-05-13 08:08:40, values: 27*C, 53%
Timestamp: 2022-05-13 08:08:42, values: 29*C, 55%
Timestamp: 2022-05-13 08:08:44, values: 28*C, 54%
Timestamp: 2022-05-13 08:08:47, values: 27*C, 54%
Timestamp: 2022-05-13 08:08:49, values: 28*C, 55%
Timestamp: 2022-05-13 08:08:51, values: 26*C, 55%
Timestamp: 2022-05-13 08:08:53, values: 28*C, 56%
Timestamp: 2022-05-13 08:08:56, values: 28*C, 56%
Timestamp: 2022-05-13 08:08:58, values: 28*C, 56%
Timestamp: 2022-05-13 08:09:03, values: 27*C, 54%
Timestamp: 2022-05-13 08:09:05, values: 26*C, 54%
Timestamp: 2022-05-13 08:09:07, values: 28*C, 55%
Timestamp: 2022-05-13 08:09:09, values: 27*C, 54%
Timestamp: 2022-05-13 08:09:12, values: 28*C, 55%
Timestamp: 2022-05-13 08:09:14, values: 28*C, 55%
Timestamp: 2022-05-13 08:09:16, values: 29*C, 56%
Timestamp: 2022-05-13 08:09:18, values: 28*C, 55%
Timestamp: 2022-05-13 08:09:21, values: 28*C, 56%
Timestamp: 2022-05-13 08:09:23, values: 29*C, 57%
Timestamp: 2022-05-13 08:09:25, values: 27*C, 55%
Timestamp: 2022-05-13 08:09:27, values: 26*C, 55%
Timestamp: 2022-05-13 08:09:30, values: 28*C, 56%
Timestamp: 2022-05-13 08:09:32, values: 29*C, 57%
Timestamp: 2022-05-13 08:09:34, values: 26*C, 55%
Timestamp: 2022-05-13 08:09:36, values: 26*C, 55%
Timestamp: 2022-05-13 08:09:39, values: 26*C, 55%
Timestamp: 2022-05-13 08:09:41, values: 29*C, 58%
Timestamp: 2022-05-13 08:09:43, values: 29*C, 58%
Timestamp: 2022-05-13 08:09:45, values: 29*C, 58%
Timestamp: 2022-05-13 08:09:48, values: 29*C, 59%
Timestamp: 2022-05-13 08:09:50, values: 28*C, 58%
Timestamp: 2022-05-13 08:09:52, values: 28*C, 58%
Timestamp: 2022-05-13 08:09:55, values: 27*C, 57%
Timestamp: 2022-05-13 08:09:59, values: 27*C, 57%
Timestamp: 2022-05-13 08:10:04, values: 28*C, 57%
Timestamp: 2022-05-13 08:10:06, values: 28*C, 58%
Timestamp: 2022-05-13 08:10:08, values: 26*C, 57%
Timestamp: 2022-05-13 08:10:13, values: 29*C, 59%
Timestamp: 2022-05-13 08:10:15, values: 26*C, 57%
Timestamp: 2022-05-13 08:10:19, values: 27*C, 57%
Timestamp: 2022-05-13 08:10:22, values: 28*C, 58%
Timestamp: 2022-05-13 08:10:26, values: 29*C, 58%
Timestamp: 2022-05-13 08:10:28, values: 27*C, 56%
Timestamp: 2022-05-13 08:10:31, values: 27*C, 56%
Timestamp: 2022-05-13 08:10:37, values: 28*C, 57%
Timestamp: 2022-05-13 08:10:40, values: 29*C, 58%
Timestamp: 2022-05-13 08:10:42, values: 27*C, 55%
Timestamp: 2022-05-13 08:10:46, values: 28*C, 56%
Timestamp: 2022-05-13 08:10:49, values: 27*C, 55%
Timestamp: 2022-05-13 08:10:51, values: 27*C, 55%
Timestamp: 2022-05-13 08:10:53, values: 29*C, 57%
Timestamp: 2022-05-13 08:10:56, values: 29*C, 57%
Timestamp: 2022-05-13 08:10:58, values: 29*C, 58%
Timestamp: 2022-05-13 08:11:00, values: 26*C, 55%
Timestamp: 2022-05-13 08:11:05, values: 26*C, 55%
Timestamp: 2022-05-13 08:11:07, values: 28*C, 56%
Timestamp: 2022-05-13 08:11:09, values: 28*C, 56%
Timestamp: 2022-05-13 08:11:12, values: 29*C, 57%
Timestamp: 2022-05-13 08:11:16, values: 29*C, 57%
Timestamp: 2022-05-13 08:11:18, values: 27*C, 54%
Timestamp: 2022-05-13 08:11:21, values: 29*C, 56%
Timestamp: 2022-05-13 08:11:25, values: 29*C, 56%
Timestamp: 2022-05-13 08:11:27, values: 29*C, 56%
Timestamp: 2022-05-13 08:11:30, values: 28*C, 55%
Timestamp: 2022-05-13 08:11:32, values: 28*C, 55%
Timestamp: 2022-05-13 08:11:34, values: 27*C, 54%
Timestamp: 2022-05-13 08:11:39, values: 27*C, 54%
Timestamp: 2022-05-13 08:11:43, values: 27*C, 54%
Timestamp: 2022-05-13 08:11:45, values: 29*C, 56%
Timestamp: 2022-05-13 08:11:48, values: 27*C, 54%
Timestamp: 2022-05-13 08:11:50, values: 29*C, 56%
Timestamp: 2022-05-13 08:11:52, values: 29*C, 56%
Timestamp: 2022-05-13 08:11:54, values: 26*C, 54%
Timestamp: 2022-05-13 08:11:57, values: 28*C, 55%
Timestamp: 2022-05-13 08:11:59, values: 27*C, 54%
Timestamp: 2022-05-13 08:12:01, values: 27*C, 54%
Timestamp: 2022-05-13 08:12:04, values: 29*C, 56%
Timestamp: 2022-05-13 08:12:08, values: 28*C, 55%
Timestamp: 2022-05-13 08:12:10, values: 28*C, 54%
Timestamp: 2022-05-13 08:12:13, values: 27*C, 53%
Timestamp: 2022-05-13 08:12:17, values: 27*C, 53%
Timestamp: 2022-05-13 08:12:19, values: 29*C, 55%
Timestamp: 2022-05-13 08:12:22, values: 29*C, 55%
Timestamp: 2022-05-13 08:12:26, values: 29*C, 55%
Timestamp: 2022-05-13 08:12:28, values: 28*C, 54%
Timestamp: 2022-05-13 08:12:31, values: 28*C, 54%
Timestamp: 2022-05-13 08:12:33, values: 29*C, 55%
Timestamp: 2022-05-13 08:12:35, values: 28*C, 54%
Timestamp: 2022-05-13 08:12:37, values: 29*C, 55%
Timestamp: 2022-05-13 08:12:40, values: 28*C, 54%
Timestamp: 2022-05-13 08:12:42, values: 26*C, 53%
Timestamp: 2022-05-13 08:12:44, values: 28*C, 54%
Timestamp: 2022-05-13 08:12:46, values: 27*C, 53%
Timestamp: 2022-05-13 08:12:49, values: 28*C, 54%
Timestamp: 2022-05-13 08:12:51, values: 29*C, 55%
Timestamp: 2022-05-13 08:12:53, values: 28*C, 54%
Timestamp: 2022-05-13 08:12:55, values: 26*C, 53%
Timestamp: 2022-05-13 08:13:02, values: 28*C, 54%
Timestamp: 2022-05-13 08:13:05, values: 27*C, 53%
Timestamp: 2022-05-13 08:13:07, values: 28*C, 54%
Timestamp: 2022-05-13 08:13:09, values: 29*C, 55%
Timestamp: 2022-05-13 08:13:11, values: 29*C, 55%
Timestamp: 2022-05-13 08:13:14, values: 29*C, 54%
Timestamp: 2022-05-13 08:13:16, values: 28*C, 53%
Timestamp: 2022-05-13 08:13:18, values: 29*C, 54%
Timestamp: 2022-05-13 08:13:20, values: 27*C, 53%
Timestamp: 2022-05-13 08:13:23, values: 29*C, 55%
Timestamp: 2022-05-13 08:13:25, values: 28*C, 54%
Timestamp: 2022-05-13 08:13:27, values: 29*C, 55%
Timestamp: 2022-05-13 08:13:29, values: 27*C, 53%
Timestamp: 2022-05-13 08:13:32, values: 29*C, 55%
Timestamp: 2022-05-13 08:13:34, values: 28*C, 54%
Timestamp: 2022-05-13 08:13:36, values: 27*C, 52%
Timestamp: 2022-05-13 08:13:38, values: 29*C, 55%
Timestamp: 2022-05-13 08:13:41, values: 28*C, 53%
Timestamp: 2022-05-13 08:13:43, values: 27*C, 52%
Timestamp: 2022-05-13 08:13:45, values: 28*C, 53%
Timestamp: 2022-05-13 08:13:47, values: 28*C, 53%
Timestamp: 2022-05-13 08:13:50, values: 29*C, 54%
Timestamp: 2022-05-13 08:13:52, values: 29*C, 54%
Timestamp: 2022-05-13 08:13:54, values: 29*C, 54%
Timestamp: 2022-05-13 08:13:57, values: 29*C, 54%
Timestamp: 2022-05-13 08:13:59, values: 28*C, 52%
Timestamp: 2022-05-13 08:14:01, values: 28*C, 52%
Timestamp: 2022-05-13 08:14:03, values: 26*C, 51%
Timestamp: 2022-05-13 08:14:06, values: 29*C, 53%
Timestamp: 2022-05-13 08:14:08, values: 29*C, 53%
Timestamp: 2022-05-13 08:14:10, values: 29*C, 53%
Timestamp: 2022-05-13 08:14:12, values: 29*C, 53%
Timestamp: 2022-05-13 08:14:15, values: 29*C, 53%
Timestamp: 2022-05-13 08:14:17, values: 28*C, 52%
Timestamp: 2022-05-13 08:14:19, values: 29*C, 53%
Timestamp: 2022-05-13 08:14:21, values: 28*C, 51%
Timestamp: 2022-05-13 08:14:24, values: 27*C, 50%
Timestamp: 2022-05-13 08:14:26, values: 28*C, 51%
Timestamp: 2022-05-13 08:14:28, values: 29*C, 52%
Timestamp: 2022-05-13 08:14:30, values: 27*C, 50%
Timestamp: 2022-05-13 08:14:37, values: 28*C, 51%
Timestamp: 2022-05-13 08:14:42, values: 29*C, 52%
Timestamp: 2022-05-13 08:14:44, values: 28*C, 51%
Timestamp: 2022-05-13 08:14:46, values: 26*C, 50%
Timestamp: 2022-05-13 08:14:48, values: 29*C, 52%
Timestamp: 2022-05-13 08:14:51, values: 26*C, 50%
Timestamp: 2022-05-13 08:14:53, values: 28*C, 51%
Timestamp: 2022-05-13 08:14:55, values: 27*C, 50%
Timestamp: 2022-05-13 08:15:00, values: 28*C, 51%
Timestamp: 2022-05-13 08:15:02, values: 27*C, 50%
Timestamp: 2022-05-13 08:15:04, values: 28*C, 51%
Timestamp: 2022-05-13 08:15:07, values: 29*C, 52%
Timestamp: 2022-05-13 08:15:09, values: 29*C, 52%
Timestamp: 2022-05-13 08:15:11, values: 29*C, 52%
Timestamp: 2022-05-13 08:15:13, values: 28*C, 51%
Timestamp: 2022-05-13 08:15:16, values: 27*C, 50%
Timestamp: 2022-05-13 08:15:18, values: 29*C, 52%
Timestamp: 2022-05-13 08:15:20, values: 28*C, 51%
Timestamp: 2022-05-13 08:15:22, values: 27*C, 50%
Timestamp: 2022-05-13 08:15:25, values: 28*C, 51%
Timestamp: 2022-05-13 08:15:27, values: 29*C, 52%
Timestamp: 2022-05-13 08:15:29, values: 29*C, 52%
Timestamp: 2022-05-13 08:15:31, values: 28*C, 51%
Timestamp: 2022-05-13 08:15:34, values: 27*C, 50%
Timestamp: 2022-05-13 08:15:36, values: 28*C, 51%
Timestamp: 2022-05-13 08:15:38, values: 28*C, 51%
Timestamp: 2022-05-13 08:15:40, values: 28*C, 51%
Timestamp: 2022-05-13 08:15:43, values: 26*C, 50%
Timestamp: 2022-05-13 08:15:45, values: 29*C, 52%
Timestamp: 2022-05-13 08:15:49, values: 29*C, 52%
Timestamp: 2022-05-13 08:15:52, values: 29*C, 52%
Timestamp: 2022-05-13 08:15:56, values: 29*C, 52%
Timestamp: 2022-05-13 08:15:59, values: 28*C, 51%
Timestamp: 2022-05-13 08:16:03, values: 29*C, 52%
Timestamp: 2022-05-13 08:16:05, values: 29*C, 52%
Timestamp: 2022-05-13 08:16:08, values: 29*C, 51%
Timestamp: 2022-05-13 08:16:10, values: 28*C, 50%
Timestamp: 2022-05-13 08:16:12, values: 29*C, 51%
Timestamp: 2022-05-13 08:16:14, values: 28*C, 50%
Timestamp: 2022-05-13 08:16:17, values: 27*C, 49%
Timestamp: 2022-05-13 08:16:19, values: 26*C, 49%
Timestamp: 2022-05-13 08:16:21, values: 29*C, 51%
Timestamp: 2022-05-13 08:16:23, values: 29*C, 51%
Timestamp: 2022-05-13 08:16:26, values: 27*C, 49%
Timestamp: 2022-05-13 08:16:28, values: 28*C, 50%
Timestamp: 2022-05-13 08:16:30, values: 29*C, 51%
Timestamp: 2022-05-13 08:16:32, values: 26*C, 49%
Timestamp: 2022-05-13 08:16:35, values: 28*C, 50%
Timestamp: 2022-05-13 08:16:37, values: 28*C, 50%
Timestamp: 2022-05-13 08:16:39, values: 26*C, 49%
Timestamp: 2022-05-13 08:16:41, values: 29*C, 51%
Timestamp: 2022-05-13 08:16:44, values: 27*C, 49%
Timestamp: 2022-05-13 08:16:46, values: 29*C, 51%
Timestamp: 2022-05-13 08:16:50, values: 29*C, 51%
Timestamp: 2022-05-13 08:16:53, values: 27*C, 49%
Timestamp: 2022-05-13 08:16:55, values: 29*C, 51%
Timestamp: 2022-05-13 08:16:57, values: 27*C, 49%
Timestamp: 2022-05-13 08:17:00, values: 28*C, 50%
Timestamp: 2022-05-13 08:17:02, values: 28*C, 50%
Timestamp: 2022-05-13 08:17:04, values: 29*C, 51%
Timestamp: 2022-05-13 08:17:06, values: 28*C, 50%
Timestamp: 2022-05-13 08:17:09, values: 29*C, 51%
Timestamp: 2022-05-13 08:17:11, values: 28*C, 50%
Timestamp: 2022-05-13 08:17:13, values: 27*C, 49%
Timestamp: 2022-05-13 08:17:15, values: 29*C, 51%
Timestamp: 2022-05-13 08:17:18, values: 27*C, 49%
Timestamp: 2022-05-13 08:17:20, values: 28*C, 50%
Timestamp: 2022-05-13 08:17:22, values: 26*C, 49%
Timestamp: 2022-05-13 08:17:24, values: 26*C, 49%
Timestamp: 2022-05-13 08:17:27, values: 29*C, 51%
Timestamp: 2022-05-13 08:17:31, values: 27*C, 49%
Timestamp: 2022-05-13 08:17:36, values: 27*C, 49%
Timestamp: 2022-05-13 08:17:40, values: 28*C, 50%
Timestamp: 2022-05-13 08:17:42, values: 26*C, 49%
Timestamp: 2022-05-13 08:17:47, values: 27*C, 49%
Timestamp: 2022-05-13 08:17:49, values: 29*C, 51%
Timestamp: 2022-05-13 08:17:52, values: 28*C, 50%
Timestamp: 2022-05-13 08:17:54, values: 28*C, 50%
Timestamp: 2022-05-13 08:17:56, values: 27*C, 49%
Timestamp: 2022-05-13 08:17:58, values: 28*C, 50%
Timestamp: 2022-05-13 08:18:01, values: 28*C, 50%
Timestamp: 2022-05-13 08:18:05, values: 26*C, 49%
Timestamp: 2022-05-13 08:18:07, values: 28*C, 50%
Timestamp: 2022-05-13 08:18:10, values: 28*C, 50%
Timestamp: 2022-05-13 08:18:12, values: 29*C, 51%
Timestamp: 2022-05-13 08:18:14, values: 27*C, 49%
Timestamp: 2022-05-13 08:18:16, values: 29*C, 51%
Timestamp: 2022-05-13 08:18:23, values: 29*C, 51%
Timestamp: 2022-05-13 08:18:25, values: 29*C, 51%
Timestamp: 2022-05-13 08:18:28, values: 27*C, 49%
Timestamp: 2022-05-13 08:18:30, values: 28*C, 50%
Timestamp: 2022-05-13 08:18:32, values: 27*C, 49%
Timestamp: 2022-05-13 08:18:34, values: 29*C, 51%
Timestamp: 2022-05-13 08:18:39, values: 29*C, 51%
Timestamp: 2022-05-13 08:18:41, values: 28*C, 50%
Timestamp: 2022-05-13 08:18:46, values: 28*C, 50%
Timestamp: 2022-05-13 08:18:48, values: 28*C, 50%
Timestamp: 2022-05-13 08:18:50, values: 27*C, 49%
Timestamp: 2022-05-13 08:18:53, values: 28*C, 50%
Timestamp: 2022-05-13 08:18:55, values: 28*C, 50%
Timestamp: 2022-05-13 08:18:57, values: 28*C, 50%
Timestamp: 2022-05-13 08:18:59, values: 27*C, 49%
Timestamp: 2022-05-13 08:19:04, values: 28*C, 50%
Timestamp: 2022-05-13 08:19:06, values: 27*C, 49%
Timestamp: 2022-05-13 08:19:08, values: 29*C, 51%
Timestamp: 2022-05-13 08:19:11, values: 29*C, 51%
Timestamp: 2022-05-13 08:19:15, values: 27*C, 49%
Timestamp: 2022-05-13 08:19:20, values: 28*C, 50%
Timestamp: 2022-05-13 08:19:22, values: 29*C, 51%
Timestamp: 2022-05-13 08:19:26, values: 27*C, 49%
Timestamp: 2022-05-13 08:19:29, values: 27*C, 49%
Timestamp: 2022-05-13 08:19:31, values: 28*C, 50%
Timestamp: 2022-05-13 08:19:33, values: 28*C, 50%
Timestamp: 2022-05-13 08:19:35, values: 29*C, 51%
Timestamp: 2022-05-13 08:19:38, values: 29*C, 51%
Timestamp: 2022-05-13 08:19:40, values: 29*C, 51%
Timestamp: 2022-05-13 08:19:42, values: 26*C, 49%
Timestamp: 2022-05-13 08:19:47, values: 27*C, 49%
Timestamp: 2022-05-13 08:19:49, values: 29*C, 50%
Timestamp: 2022-05-13 08:19:51, values: 27*C, 48%
Timestamp: 2022-05-13 08:19:54, values: 29*C, 50%
Timestamp: 2022-05-13 08:20:05, values: 28*C, 50%
Timestamp: 2022-05-13 08:20:07, values: 28*C, 50%
Timestamp: 2022-05-13 08:20:09, values: 29*C, 51%
Timestamp: 2022-05-13 08:20:12, values: 27*C, 49%
Timestamp: 2022-05-13 08:20:14, values: 29*C, 51%
Timestamp: 2022-05-13 08:20:16, values: 26*C, 49%
Timestamp: 2022-05-13 08:20:18, values: 29*C, 50%
Timestamp: 2022-05-13 08:20:21, values: 29*C, 50%
Timestamp: 2022-05-13 08:20:23, values: 28*C, 50%
Timestamp: 2022-05-13 08:20:25, values: 29*C, 51%
Timestamp: 2022-05-13 08:20:27, values: 29*C, 50%
Timestamp: 2022-05-13 08:20:30, values: 29*C, 50%
Timestamp: 2022-05-13 08:20:32, values: 28*C, 50%
Timestamp: 2022-05-13 08:20:41, values: 29*C, 50%
Timestamp: 2022-05-13 08:20:43, values: 26*C, 48%
Timestamp: 2022-05-13 08:20:46, values: 29*C, 50%
Timestamp: 2022-05-13 08:20:50, values: 27*C, 48%
Timestamp: 2022-05-13 08:20:52, values: 29*C, 50%
Timestamp: 2022-05-13 08:20:59, values: 27*C, 48%
Timestamp: 2022-05-13 08:21:10, values: 27*C, 48%
Timestamp: 2022-05-13 08:21:17, values: 27*C, 48%
Timestamp: 2022-05-13 08:21:28, values: 27*C, 48%
Timestamp: 2022-05-13 08:21:33, values: 26*C, 48%
Timestamp: 2022-05-13 08:21:37, values: 29*C, 50%
Timestamp: 2022-05-13 08:21:40, values: 26*C, 48%
Timestamp: 2022-05-13 08:21:44, values: 29*C, 50%
Timestamp: 2022-05-13 08:21:53, values: 27*C, 48%
Timestamp: 2022-05-13 08:21:56, values: 26*C, 48%
Timestamp: 2022-05-13 08:22:00, values: 27*C, 48%
Timestamp: 2022-05-13 08:22:11, values: 26*C, 48%
Timestamp: 2022-05-13 08:22:14, values: 26*C, 48%
Timestamp: 2022-05-13 08:22:16, values: 27*C, 48%
Timestamp: 2022-05-13 08:22:27, values: 27*C, 48%
Timestamp: 2022-05-13 08:22:29, values: 27*C, 48%
Timestamp: 2022-05-13 08:22:32, values: 29*C, 50%
Timestamp: 2022-05-13 08:22:38, values: 27*C, 48%
Timestamp: 2022-05-13 08:22:41, values: 29*C, 50%
Timestamp: 2022-05-13 08:22:43, values: 26*C, 48%
Timestamp: 2022-05-13 08:22:45, values: 29*C, 50%
Timestamp: 2022-05-13 08:22:52, values: 27*C, 48%
Timestamp: 2022-05-13 08:22:57, values: 29*C, 50%
Timestamp: 2022-05-13 08:23:01, values: 29*C, 50%
Timestamp: 2022-05-13 08:23:08, values: 26*C, 48%
Timestamp: 2022-05-13 08:23:10, values: 27*C, 48%
Timestamp: 2022-05-13 08:23:12, values: 29*C, 50%
Timestamp: 2022-05-13 08:23:15, values: 27*C, 48%
Timestamp: 2022-05-13 08:23:19, values: 29*C, 50%
Timestamp: 2022-05-13 08:23:21, values: 29*C, 50%
Timestamp: 2022-05-13 08:23:30, values: 27*C, 48%
Timestamp: 2022-05-13 08:23:33, values: 29*C, 50%
Timestamp: 2022-05-13 08:23:37, values: 29*C, 50%
Timestamp: 2022-05-13 08:23:40, values: 29*C, 50%
Timestamp: 2022-05-13 08:23:46, values: 27*C, 48%
Timestamp: 2022-05-13 08:23:49, values: 26*C, 48%
Timestamp: 2022-05-13 08:23:51, values: 29*C, 50%
Timestamp: 2022-05-13 08:23:53, values: 29*C, 50%
Timestamp: 2022-05-13 08:23:55, values: 29*C, 50%
Timestamp: 2022-05-13 08:23:58, values: 29*C, 50%
Timestamp: 2022-05-13 08:24:02, values: 29*C, 50%
Timestamp: 2022-05-13 08:24:07, values: 27*C, 48%
Timestamp: 2022-05-13 08:24:09, values: 27*C, 48%
Timestamp: 2022-05-13 08:24:16, values: 26*C, 48%
Timestamp: 2022-05-13 08:24:18, values: 29*C, 50%
Timestamp: 2022-05-13 08:24:20, values: 27*C, 48%
Timestamp: 2022-05-13 08:24:22, values: 29*C, 50%
Timestamp: 2022-05-13 08:24:25, values: 27*C, 48%
Timestamp: 2022-05-13 08:24:31, values: 29*C, 50%
Timestamp: 2022-05-13 08:24:34, values: 29*C, 50%
Timestamp: 2022-05-13 08:24:38, values: 29*C, 50%
Timestamp: 2022-05-13 08:24:41, values: 26*C, 48%
Timestamp: 2022-05-13 08:24:50, values: 27*C, 48%
Timestamp: 2022-05-13 08:24:52, values: 27*C, 48%
Timestamp: 2022-05-13 08:25:01, values: 29*C, 50%
Timestamp: 2022-05-13 08:25:12, values: 26*C, 48%
Timestamp: 2022-05-13 08:25:17, values: 29*C, 50%
Timestamp: 2022-05-13 08:25:21, values: 29*C, 50%
Timestamp: 2022-05-13 08:25:23, values: 29*C, 50%
Timestamp: 2022-05-13 08:25:28, values: 29*C, 50%
Timestamp: 2022-05-13 08:25:30, values: 27*C, 48%
Timestamp: 2022-05-13 08:25:42, values: 27*C, 48%
Timestamp: 2022-05-13 08:25:48, values: 29*C, 50%
Timestamp: 2022-05-13 08:25:51, values: 29*C, 50%
Timestamp: 2022-05-13 08:25:57, values: 26*C, 47%
Timestamp: 2022-05-13 08:26:04, values: 26*C, 47%
Timestamp: 2022-05-13 08:26:36, values: 29*C, 50%
Timestamp: 2022-05-13 08:27:01, values: 26*C, 47%
Timestamp: 2022-05-13 08:28:47, values: 26*C, 47%
Timestamp: 2022-05-13 08:29:25, values: 26*C, 47%
Timestamp: 2022-05-13 08:29:57, values: 26*C, 47%
Timestamp: 2022-05-13 08:30:01, values: 26*C, 47%
Timestamp: 2022-05-13 08:30:51, values: 26*C, 47%
Timestamp: 2022-05-13 08:30:53, values: 26*C, 47%
Timestamp: 2022-05-13 08:31:16, values: 26*C, 47%
Timestamp: 2022-05-13 08:31:30, values: 26*C, 47%
Timestamp: 2022-05-13 08:31:32, values: 26*C, 47%
Timestamp: 2022-05-13 08:31:57, values: 26*C, 47%
Timestamp: 2022-05-13 08:32:08, values: 26*C, 47%
Timestamp: 2022-05-13 08:32:31, values: 26*C, 47%
Timestamp: 2022-05-13 08:32:53, values: 26*C, 47%
Timestamp: 2022-05-13 08:32:55, values: 26*C, 47%
Timestamp: 2022-05-13 08:33:02, values: 26*C, 47%
Timestamp: 2022-05-13 08:33:23, values: 26*C, 47%
Timestamp: 2022-05-13 08:33:27, values: 26*C, 47%
Timestamp: 2022-05-13 08:34:05, values: 26*C, 47%
Timestamp: 2022-05-13 08:34:17, values: 26*C, 47%
Timestamp: 2022-05-13 08:34:35, values: 26*C, 47%
Timestamp: 2022-05-13 08:34:46, values: 26*C, 47%
Timestamp: 2022-05-13 08:35:00, values: 26*C, 46%
Timestamp: 2022-05-13 08:35:18, values: 26*C, 46%
Timestamp: 2022-05-13 08:35:29, values: 26*C, 46%
Timestamp: 2022-05-13 08:35:43, values: 26*C, 46%
Timestamp: 2022-05-13 08:36:05, values: 26*C, 46%
Timestamp: 2022-05-13 08:36:10, values: 26*C, 46%
Timestamp: 2022-05-13 08:36:30, values: 26*C, 46%
Timestamp: 2022-05-13 08:36:35, values: 26*C, 46%
Timestamp: 2022-05-13 08:36:44, values: 26*C, 46%
Timestamp: 2022-05-13 08:39:01, values: 26*C, 46%
Timestamp: 2022-05-13 08:39:06, values: 26*C, 46%
Timestamp: 2022-05-13 08:39:15, values: 26*C, 46%
Timestamp: 2022-05-13 08:39:44, values: 26*C, 46%
Timestamp: 2022-05-13 08:39:53, values: 26*C, 46%
Timestamp: 2022-05-13 08:40:30, values: 26*C, 46%
Timestamp: 2022-05-13 08:40:34, values: 26*C, 46%
Timestamp: 2022-05-13 08:40:39, values: 26*C, 46%
Timestamp: 2022-05-13 08:41:15, values: 26*C, 46%
Timestamp: 2022-05-13 08:41:29, values: 26*C, 46%
Timestamp: 2022-05-13 08:41:56, values: 26*C, 46%
Timestamp: 2022-05-13 08:42:16, values: 26*C, 46%
Timestamp: 2022-05-13 08:42:19, values: 26*C, 46%
Timestamp: 2022-05-13 08:42:30, values: 26*C, 46%
Timestamp: 2022-05-13 08:42:41, values: 26*C, 46%
Timestamp: 2022-05-13 08:44:00, values: 26*C, 46%
Timestamp: 2022-05-13 08:44:27, values: 26*C, 46%
Timestamp: 2022-05-13 08:44:54, values: 26*C, 46%
Timestamp: 2022-05-13 08:45:49, values: 26*C, 46%
Timestamp: 2022-05-13 08:45:51, values: 26*C, 46%
Timestamp: 2022-05-13 08:46:38, values: 26*C, 46%
Timestamp: 2022-05-13 08:46:43, values: 26*C, 46%
Timestamp: 2022-05-13 08:46:54, values: 26*C, 46%
Timestamp: 2022-05-13 08:47:21, values: 26*C, 46%
Timestamp: 2022-05-13 08:47:24, values: 26*C, 46%
Timestamp: 2022-05-13 08:47:42, values: 26*C, 46%
Timestamp: 2022-05-13 08:47:51, values: 26*C, 46%
Timestamp: 2022-05-13 08:47:57, values: 26*C, 46%
Timestamp: 2022-05-13 08:48:20, values: 26*C, 46%
Timestamp: 2022-05-13 08:49:12, values: 26*C, 46%
Timestamp: 2022-05-13 08:49:21, values: 26*C, 46%
Timestamp: 2022-05-13 08:49:32, values: 26*C, 46%
Timestamp: 2022-05-13 08:49:39, values: 26*C, 46%
Timestamp: 2022-05-13 08:50:42, values: 26*C, 46%
Timestamp: 2022-05-13 08:51:21, values: 26*C, 46%
Timestamp: 2022-05-13 08:51:50, values: 26*C, 46%
Timestamp: 2022-05-13 08:51:57, values: 26*C, 46%
Timestamp: 2022-05-13 08:52:11, values: 26*C, 46%
Timestamp: 2022-05-13 08:53:41, values: 26*C, 46%
Timestamp: 2022-05-13 08:54:28, values: 26*C, 45%
Timestamp: 2022-05-13 08:54:46, values: 26*C, 46%
Timestamp: 2022-05-13 08:54:49, values: 26*C, 46%
Timestamp: 2022-05-13 08:54:56, values: 26*C, 46%
Timestamp: 2022-05-13 08:54:58, values: 26*C, 46%
Timestamp: 2022-05-13 08:55:23, values: 26*C, 46%
Timestamp: 2022-05-13 08:55:34, values: 26*C, 46%
Timestamp: 2022-05-13 08:56:55, values: 26*C, 46%
Timestamp: 2022-05-13 08:57:13, values: 26*C, 46%
Timestamp: 2022-05-13 08:58:08, values: 26*C, 45%
Timestamp: 2022-05-13 08:58:17, values: 26*C, 46%
Timestamp: 2022-05-13 08:58:26, values: 26*C, 45%
Timestamp: 2022-05-13 08:58:37, values: 26*C, 46%
Timestamp: 2022-05-13 08:58:53, values: 26*C, 46%
Timestamp: 2022-05-13 08:59:02, values: 26*C, 46%
Timestamp: 2022-05-13 08:59:49, values: 26*C, 46%
Timestamp: 2022-05-13 09:00:10, values: 26*C, 45%
Timestamp: 2022-05-13 09:00:39, values: 26*C, 45%
Timestamp: 2022-05-13 09:00:41, values: 26*C, 45%
Timestamp: 2022-05-13 09:01:51, values: 26*C, 45%
Timestamp: 2022-05-13 09:02:16, values: 26*C, 45%
Timestamp: 2022-05-13 09:02:34, values: 26*C, 45%
Timestamp: 2022-05-13 09:03:08, values: 26*C, 45%
Timestamp: 2022-05-13 09:03:15, values: 26*C, 45%
Timestamp: 2022-05-13 09:03:53, values: 26*C, 45%
Timestamp: 2022-05-13 09:04:16, values: 26*C, 45%
Timestamp: 2022-05-13 09:04:41, values: 26*C, 45%
Timestamp: 2022-05-13 09:05:44, values: 26*C, 45%
Timestamp: 2022-05-13 09:06:00, values: 26*C, 45%
Timestamp: 2022-05-13 09:06:25, values: 26*C, 45%
Timestamp: 2022-05-13 09:06:41, values: 26*C, 45%
Timestamp: 2022-05-13 09:07:30, values: 26*C, 45%
Timestamp: 2022-05-13 09:07:42, values: 26*C, 45%
Timestamp: 2022-05-13 09:07:53, values: 26*C, 45%
Timestamp: 2022-05-13 09:08:18, values: 26*C, 45%
Timestamp: 2022-05-13 09:08:20, values: 26*C, 45%
Timestamp: 2022-05-13 09:08:22, values: 26*C, 45%
Timestamp: 2022-05-13 09:08:58, values: 26*C, 45%
Timestamp: 2022-05-13 09:09:01, values: 26*C, 45%
Timestamp: 2022-05-13 09:09:16, values: 26*C, 45%
Timestamp: 2022-05-13 09:09:23, values: 26*C, 45%
Timestamp: 2022-05-13 09:10:02, values: 26*C, 45%
Timestamp: 2022-05-13 09:11:09, values: 26*C, 45%
Timestamp: 2022-05-13 09:11:23, values: 26*C, 45%
Timestamp: 2022-05-13 09:12:33, values: 26*C, 45%
Timestamp: 2022-05-13 09:12:49, values: 26*C, 45%
Timestamp: 2022-05-13 09:13:28, values: 26*C, 45%
Timestamp: 2022-05-13 09:14:08, values: 26*C, 45%
Timestamp: 2022-05-13 09:15:03, values: 26*C, 46%
Timestamp: 2022-05-13 09:17:11, values: 26*C, 46%
Timestamp: 2022-05-13 09:17:25, values: 26*C, 46%
Timestamp: 2022-05-13 09:17:32, values: 26*C, 46%
Timestamp: 2022-05-13 09:19:00, values: 26*C, 46%
Timestamp: 2022-05-13 09:19:07, values: 26*C, 46%
Timestamp: 2022-05-13 09:19:29, values: 29*C, 50%
Timestamp: 2022-05-13 09:19:31, values: 29*C, 50%
Timestamp: 2022-05-13 09:19:34, values: 29*C, 50%
Timestamp: 2022-05-13 09:19:36, values: 29*C, 50%
Timestamp: 2022-05-13 09:19:40, values: 29*C, 51%
Timestamp: 2022-05-13 09:19:43, values: 27*C, 48%
Timestamp: 2022-05-13 09:19:45, values: 27*C, 48%
Timestamp: 2022-05-13 09:19:47, values: 29*C, 50%
Timestamp: 2022-05-13 09:19:49, values: 29*C, 50%
Timestamp: 2022-05-13 09:19:52, values: 26*C, 49%
Timestamp: 2022-05-13 09:19:59, values: 29*C, 51%
Timestamp: 2022-05-13 09:20:01, values: 27*C, 49%
Timestamp: 2022-05-13 09:20:03, values: 29*C, 51%
Timestamp: 2022-05-13 09:20:08, values: 29*C, 51%
Timestamp: 2022-05-13 09:20:10, values: 29*C, 51%
Timestamp: 2022-05-13 09:20:12, values: 29*C, 51%
Timestamp: 2022-05-13 09:20:14, values: 27*C, 49%
Timestamp: 2022-05-13 09:20:17, values: 27*C, 49%
Timestamp: 2022-05-13 09:20:19, values: 27*C, 49%
Timestamp: 2022-05-13 09:20:21, values: 29*C, 51%
Timestamp: 2022-05-13 09:20:23, values: 29*C, 51%
Timestamp: 2022-05-13 09:20:26, values: 26*C, 49%
Timestamp: 2022-05-13 09:20:28, values: 29*C, 51%
Timestamp: 2022-05-13 09:20:30, values: 29*C, 51%
Timestamp: 2022-05-13 09:20:32, values: 27*C, 49%
Timestamp: 2022-05-13 09:20:35, values: 28*C, 50%
Timestamp: 2022-05-13 09:20:41, values: 29*C, 51%
Timestamp: 2022-05-13 09:20:44, values: 29*C, 51%
Timestamp: 2022-05-13 09:20:46, values: 28*C, 50%
Timestamp: 2022-05-13 09:20:50, values: 29*C, 51%
Timestamp: 2022-05-13 09:20:53, values: 28*C, 50%
Timestamp: 2022-05-13 09:20:57, values: 27*C, 49%
Timestamp: 2022-05-13 09:21:00, values: 28*C, 50%
Timestamp: 2022-05-13 09:21:02, values: 29*C, 51%
Timestamp: 2022-05-13 09:21:06, values: 29*C, 52%
Timestamp: 2022-05-13 09:21:13, values: 28*C, 51%
Timestamp: 2022-05-13 09:21:15, values: 28*C, 52%
Timestamp: 2022-05-13 09:21:20, values: 27*C, 51%
Timestamp: 2022-05-13 09:21:22, values: 28*C, 51%
Timestamp: 2022-05-13 09:21:24, values: 28*C, 51%
Timestamp: 2022-05-13 09:21:27, values: 28*C, 51%
Timestamp: 2022-05-13 09:21:29, values: 28*C, 51%
Timestamp: 2022-05-13 09:21:31, values: 28*C, 51%
Timestamp: 2022-05-13 09:21:33, values: 29*C, 52%
Timestamp: 2022-05-13 09:21:36, values: 29*C, 52%
Timestamp: 2022-05-13 09:21:40, values: 29*C, 52%
Timestamp: 2022-05-13 09:21:42, values: 29*C, 52%
Timestamp: 2022-05-13 09:21:45, values: 29*C, 52%
Timestamp: 2022-05-13 09:21:47, values: 29*C, 52%
Timestamp: 2022-05-13 09:21:49, values: 28*C, 51%
Timestamp: 2022-05-13 09:21:52, values: 27*C, 50%
Timestamp: 2022-05-13 09:21:56, values: 29*C, 52%
Timestamp: 2022-05-13 09:21:58, values: 28*C, 51%
Timestamp: 2022-05-13 09:22:01, values: 29*C, 51%
Timestamp: 2022-05-13 09:22:03, values: 29*C, 51%
Timestamp: 2022-05-13 09:22:05, values: 27*C, 49%
Timestamp: 2022-05-13 09:22:12, values: 27*C, 49%
Timestamp: 2022-05-13 09:22:16, values: 29*C, 51%
Timestamp: 2022-05-13 09:22:21, values: 28*C, 50%
Timestamp: 2022-05-13 09:22:25, values: 29*C, 51%
Timestamp: 2022-05-13 09:22:57, values: 27*C, 48%
Timestamp: 2022-05-13 09:23:02, values: 28*C, 50%
Timestamp: 2022-05-13 09:23:06, values: 29*C, 51%
Timestamp: 2022-05-13 09:23:08, values: 27*C, 48%
Timestamp: 2022-05-13 09:23:11, values: 29*C, 50%
Timestamp: 2022-05-13 09:23:13, values: 27*C, 48%
Timestamp: 2022-05-13 09:23:15, values: 29*C, 50%
Timestamp: 2022-05-13 09:23:17, values: 29*C, 50%
Timestamp: 2022-05-13 09:23:22, values: 29*C, 50%
Timestamp: 2022-05-13 09:23:24, values: 29*C, 50%
Timestamp: 2022-05-13 09:23:26, values: 28*C, 50%
Timestamp: 2022-05-13 09:23:29, values: 29*C, 51%
Timestamp: 2022-05-13 09:23:31, values: 29*C, 50%
Timestamp: 2022-05-13 09:23:35, values: 29*C, 50%
Timestamp: 2022-05-13 09:23:40, values: 29*C, 50%
Timestamp: 2022-05-13 09:23:42, values: 29*C, 50%
Timestamp: 2022-05-13 09:23:53, values: 27*C, 48%
Timestamp: 2022-05-13 09:23:56, values: 27*C, 48%
Timestamp: 2022-05-13 09:23:58, values: 29*C, 50%
Timestamp: 2022-05-13 09:24:00, values: 29*C, 50%
Timestamp: 2022-05-13 09:24:05, values: 29*C, 50%
Timestamp: 2022-05-13 09:24:07, values: 27*C, 48%
Timestamp: 2022-05-13 09:37:23, values: 27*C, 49%
Timestamp: 2022-05-13 09:37:25, values: 27*C, 49%
Timestamp: 2022-05-13 09:37:44, values: 27*C, 48%
Timestamp: 2022-05-13 09:37:55, values: 27*C, 48%
Timestamp: 2022-05-13 09:38:02, values: 29*C, 50%
Timestamp: 2022-05-13 09:38:04, values: 29*C, 50%
Timestamp: 2022-05-13 09:38:06, values: 27*C, 48%
Timestamp: 2022-05-13 09:50:51, values: 30*C, 47%
Timestamp: 2022-05-13 09:51:12, values: 30*C, 47%
Timestamp: 2022-05-13 09:52:33, values: 30*C, 47%
Timestamp: 2022-05-13 09:52:42, values: 30*C, 47%
Timestamp: 2022-05-13 09:53:27, values: 30*C, 47%
Timestamp: 2022-05-13 09:54:03, values: 30*C, 47%
Timestamp: 2022-05-13 09:54:22, values: 30*C, 47%
Timestamp: 2022-05-13 09:55:09, values: 30*C, 47%
Timestamp: 2022-05-13 09:55:16, values: 30*C, 47%
Timestamp: 2022-05-13 09:55:25, values: 30*C, 47%
Timestamp: 2022-05-13 09:55:50, values: 30*C, 47%
Timestamp: 2022-05-13 09:59:18, values: 30*C, 47%
Timestamp: 2022-05-13 09:59:38, values: 30*C, 47%
Timestamp: 2022-05-13 10:00:34, values: 30*C, 47%
Timestamp: 2022-05-13 10:00:48, values: 30*C, 47%
Timestamp: 2022-05-13 10:01:20, values: 30*C, 47%
Timestamp: 2022-05-13 10:01:22, values: 30*C, 47%
Timestamp: 2022-05-13 10:01:29, values: 30*C, 47%
Timestamp: 2022-05-13 10:03:01, values: 30*C, 47%
Timestamp: 2022-05-13 10:03:44, values: 30*C, 47%
Timestamp: 2022-05-13 10:04:16, values: 30*C, 47%
Timestamp: 2022-05-13 10:04:38, values: 30*C, 47%
Timestamp: 2022-05-13 10:05:06, values: 30*C, 47%
Timestamp: 2022-05-13 10:05:48, values: 30*C, 47%
Timestamp: 2022-05-13 10:06:02, values: 30*C, 47%
Timestamp: 2022-05-13 10:06:47, values: 30*C, 47%
Timestamp: 2022-05-13 10:07:30, values: 30*C, 47%
Timestamp: 2022-05-13 10:08:00, values: 30*C, 47%
Timestamp: 2022-05-13 10:08:11, values: 30*C, 47%
Timestamp: 2022-05-13 10:08:27, values: 30*C, 47%
Timestamp: 2022-05-13 10:08:52, values: 30*C, 47%
Timestamp: 2022-05-13 10:09:21, values: 30*C, 47%
Timestamp: 2022-05-13 10:09:37, values: 30*C, 47%
Timestamp: 2022-05-13 10:11:23, values: 30*C, 47%
Timestamp: 2022-05-13 10:12:08, values: 30*C, 47%
Timestamp: 2022-05-13 10:13:38, values: 30*C, 47%
Timestamp: 2022-05-13 10:13:43, values: 30*C, 47%
Timestamp: 2022-05-13 10:14:53, values: 30*C, 47%
Timestamp: 2022-05-13 10:15:02, values: 30*C, 47%
Timestamp: 2022-05-13 10:15:13, values: 30*C, 47%
Timestamp: 2022-05-13 10:15:41, values: 30*C, 47%
Timestamp: 2022-05-13 10:15:43, values: 30*C, 47%
Timestamp: 2022-05-13 10:16:33, values: 30*C, 47%
Timestamp: 2022-05-13 10:16:55, values: 30*C, 47%
Timestamp: 2022-05-13 10:18:03, values: 30*C, 47%
Timestamp: 2022-05-13 10:18:30, values: 30*C, 47%
Timestamp: 2022-05-13 10:19:58, values: 30*C, 47%
Timestamp: 2022-05-13 10:20:12, values: 30*C, 47%
Timestamp: 2022-05-13 22:32:39, values: 31*C, 47%
Timestamp: 2022-05-13 22:33:35, values: 31*C, 46%
Timestamp: 2022-05-13 22:33:56, values: 31*C, 46%
Timestamp: 2022-05-13 22:34:14, values: 31*C, 46%
Timestamp: 2022-05-13 22:34:32, values: 31*C, 46%
Timestamp: 2022-05-13 22:34:36, values: 31*C, 46%
Timestamp: 2022-05-13 22:34:45, values: 31*C, 46%
Timestamp: 2022-05-13 22:34:50, values: 31*C, 46%
Timestamp: 2022-05-13 22:35:01, values: 31*C, 46%
Timestamp: 2022-05-13 22:35:22, values: 31*C, 46%
Timestamp: 2022-05-13 22:35:31, values: 31*C, 46%
Timestamp: 2022-05-13 22:35:44, values: 31*C, 46%
Timestamp: 2022-05-13 22:35:51, values: 31*C, 46%
Timestamp: 2022-05-13 22:35:54, values: 31*C, 46%
Timestamp: 2022-05-13 22:35:56, values: 31*C, 46%
Timestamp: 2022-05-13 22:36:03, values: 31*C, 46%
Timestamp: 2022-05-13 22:36:09, values: 31*C, 46%
Timestamp: 2022-05-13 22:36:14, values: 31*C, 46%
Timestamp: 2022-05-13 22:36:23, values: 31*C, 46%
Timestamp: 2022-05-13 22:36:43, values: 31*C, 46%
Timestamp: 2022-05-13 22:36:50, values: 31*C, 45%
Timestamp: 2022-05-13 22:37:08, values: 31*C, 45%
Timestamp: 2022-05-13 22:37:15, values: 31*C, 45%
Timestamp: 2022-05-13 22:37:24, values: 31*C, 45%
Timestamp: 2022-05-13 22:37:28, values: 31*C, 45%
Timestamp: 2022-05-13 22:37:37, values: 31*C, 45%
Timestamp: 2022-05-13 22:37:42, values: 31*C, 45%
Timestamp: 2022-05-13 22:38:02, values: 31*C, 45%
Timestamp: 2022-05-13 22:38:07, values: 31*C, 46%
Timestamp: 2022-05-13 22:38:09, values: 31*C, 45%
Timestamp: 2022-05-13 22:40:30, values: 31*C, 46%
Timestamp: 2022-05-13 22:40:39, values: 31*C, 46%
Timestamp: 2022-05-13 22:40:53, values: 31*C, 46%
Timestamp: 2022-05-13 22:40:57, values: 31*C, 46%
Timestamp: 2022-05-13 22:41:02, values: 31*C, 46%
Timestamp: 2022-05-13 22:41:11, values: 31*C, 46%
Timestamp: 2022-05-13 22:41:18, values: 31*C, 46%
Timestamp: 2022-05-13 22:41:22, values: 31*C, 46%
Timestamp: 2022-05-13 22:41:31, values: 31*C, 46%
Timestamp: 2022-05-13 22:41:34, values: 31*C, 45%
Timestamp: 2022-05-13 22:41:38, values: 31*C, 46%
Timestamp: 2022-05-13 22:41:40, values: 31*C, 46%
Timestamp: 2022-05-13 22:41:45, values: 31*C, 45%
Timestamp: 2022-05-13 22:41:54, values: 31*C, 45%
Timestamp: 2022-05-13 22:41:59, values: 31*C, 45%
Timestamp: 2022-05-13 22:42:41, values: 31*C, 46%
Timestamp: 2022-05-13 22:42:46, values: 31*C, 46%
Timestamp: 2022-05-13 22:42:50, values: 31*C, 46%
Timestamp: 2022-05-13 22:43:17, values: 31*C, 45%
Timestamp: 2022-05-13 22:43:31, values: 31*C, 45%
Timestamp: 2022-05-13 22:43:38, values: 31*C, 45%
